{"count":1,"self":136.3025664,"total":153.75714299999999,"children":{"InitializeActuators":{"count":1,"self":0.001438,"total":0.001438,"children":null},"InitializeSensors":{"count":1,"self":0.0022329999999999997,"total":0.0022329999999999997,"children":null},"AgentSendState":{"count":7656,"self":0.032264999999999995,"total":11.429772999999999,"children":{"CollectObservations":{"count":766,"self":0.0041779999999999994,"total":0.0041779999999999994,"children":null},"WriteActionMask":{"count":766,"self":0.0013859999999999999,"total":0.0013859999999999999,"children":null},"RequestDecision":{"count":766,"self":0.072343999999999992,"total":11.391943999999999,"children":{"CameraSensor.WriteToTensor":{"count":766,"self":11.3196,"total":11.3196,"children":null}}}}},"DecideAction":{"count":7656,"self":0.028557,"total":0.028557,"children":null},"AgentAct":{"count":7656,"self":5.9007112,"total":5.991775,"children":{"CameraSensor.WriteToTensor":{"count":9,"self":0.091063999999999992,"total":0.091063999999999992,"children":null}}}},"gauges":{"WaveBehavior.CumulativeReward":{"count":9,"max":0,"min":0,"runningAverage":0,"value":0,"weightedAverage":0}},"metadata":{"timer_format_version":"0.1.0","start_time_seconds":"1638027835","unity_version":"2021.1.25f1","command_line_arguments":"\/home\/daniel\/Unity\/Hub\/Editor\/2021.1.25f1\/Editor\/Unity -projectpath \/home\/daniel\/Code\/cbsim\/WaveEnv -useHub -hubIPC -cloudEnvironment production -hubSessionId 9f982a30-4f8f-11ec-82d8-b53b92d8b472","communication_protocol_version":"1.5.0","com.unity.ml-agents_version":"2.1.0-exp.1","scene_name":"StaticASL","end_time_seconds":"1638027988"}}